[
  {
    "id": "pkg_pk1uq76kd04h",
    "supplierId": "sup_xmkgxc6kd04f",
    "title": "Barn Exclusive",
    "price": "£3,500",
    "description": "Full-day venue hire, ceremony & reception areas.",
    "image": "/assets/images/collage-venue.svg",
    "approved": true,
    "featured": true
  },
  {
    "id": "pkg_3e3fdh6kd04h",
    "supplierId": "sup_suj0sb6kd04f",
    "title": "Seasonal Feast",
    "price": "£45 pp",
    "description": "Three-course seasonal menu with staff & setup.",
    "image": "/assets/images/collage-catering.svg",
    "approved": true,
    "featured": false
  },
  {
    "id": "pkg_8b6fmw6kd04h",
    "supplierId": "sup_5n2run6kd04f",
    "title": "Full Day Capture",
    "price": "£1,200",
    "description": "Prep through first dance, private gallery.",
    "image": "/assets/images/collage-photography.svg",
    "approved": true,
    "featured": false
  }
]